Locus,resTime,pol,
tA(AGC)M1,15.86,Pol III,
tW(CCA)J,10.098,Pol III,
tL(UAA)J,10.901,Pol III,
tV(AAC)L,8.899,Pol III,
YNL138W,1.564,Pol II,
tV(AAC)J,9.234,Pol III,
tY(GUA)F1,7.543,Pol III,
tF(GAA)M,2.922,Pol III,
tF(GAA)P2,10.466,Pol III,
tE(UUC)P,7.271,Pol III,
tM(CAU)J1,11.714,Pol III,
tI(AAU)P1,8.926,Pol III,
tQ(UUG)B,10.026,Pol III,
tG(CCC)D,8.966,Pol III,
tG(GCC)F2,9.136,Pol III,
tK(CUU)E1,10.211,Pol III,
tK(CUU)E2,12.433,Pol III,
tK(CUU)I,9.216,Pol III,
YLR149C,2.158,Pol II,
snR30,1.714,Pol II,
tT(AGU)N1,4.911,Pol III,
tD(GUC)M,5.212,Pol III,
tS(AGA)B,12.505,Pol III,
YBL074C,1.936,Pol II,
tM(CAU)O2,5.416,Pol III,
tY(GUA)J1,10,Pol III,
YOR182C,1.403,Pol II,
tY(GUA)M1,5.621,Pol III,
tK(CUU)J,11.054,Pol III,
tR(UCU)G2,10.489,Pol III,
snR34,2.445,Pol II,
tL(UAG)J,5.544,Pol III,
YKL119C,8.876,Pol II,
tN(GUU)N1,12.771,Pol III,
RPR1,9.609,Pol II,
tQ(UUG)D3,10.488,Pol III,
tG(GCC)D1,15.993,Pol III,
snR10,2.605,Pol II,
tN(GUU)G,5.507,Pol III,
tN(GUU)L,10.478,Pol III,
tG(GCC)F1,11.311,Pol III,
tS(GCU)F,4.481,Pol III,
tF(GAA)H2,11.322,Pol III,
tQ(CUG)M,10.216,Pol III,
tA(AGC)K1,10.46,Pol III,
tQ(UUG)E2,14.22,Pol III,
tA(AGC)F,14.214,Pol III,
tI(AAU)E1,8.959,Pol III,
tL(CAA)A,9.93,Pol III,
tI(AAU)L1,13.161,Pol III,
tN(GUU)C,11.755,Pol III,
YGL247W,2.389,Pol II,
tV(AAC)M2,12.45,Pol III,
tD(GUC)J1,5.187,Pol III,
tI(AAU)E2,12.898,Pol III,
YOL121C,1.738,Pol II,
tC(GCA)P2,10.139,Pol III,
YJR042W,8.894,Pol II,
tW(CCA)P,4.059,Pol III,
tQ(UUG)D1,4.951,Pol III,
tV(AAC)E2,4.98,Pol III,
YBL076C,1.893,Pol II,
tN(GUU)O2,9.235,Pol III,
tF(GAA)B,9.571,Pol III,
tK(CUU)G1,8.483,Pol III,
tT(AGU)I2,13.726,Pol III,
tL(CAA)D,14.566,Pol III,
tD(GUC)J4,5.424,Pol III,
tM(CAU)O1,4.845,Pol III,
tT(UGU)G1,7.549,Pol III,
tE(UUC)E2,12.504,Pol III,
tY(GUA)F2,11.955,Pol III,
tL(UAG)L2,6.77,Pol III,
tR(ACG)K,8.686,Pol III,
tV(AAC)E1,5.48,Pol III,
tI(AAU)G,13.917,Pol III,
tT(AGU)O1,11.571,Pol III,
YOR311C,1.662,Pol II,
tK(CUU)D1,15.757,Pol III,
YGL123W,2.095,Pol II,
tK(CUU)K,12.314,Pol III,
tP(UGG)O2,5.668,Pol III,
tL(CAA)M,9.174,Pol III,
tH(GUG)M,6.428,Pol III,
YCR031C,2.171,Pol II,
YHR128W,2.582,Pol II,
tW(CCA)M,5.858,Pol III,
tV(AAC)O,8.404,Pol III,
YPL159C,3.333,Pol II,
tG(GCC)J1,21.001,Pol III,
tE(CUC)I,15.817,Pol III,
tV(AAC)M1,5.93,Pol III,
YER137C,6.097,Pol II,
YJR094W-A,2.273,Pol II,
tE(UUC)J,15.013,Pol III,
tR(CCU)J,9.396,Pol III,
tN(GUU)P,6.674,Pol III,
YPL173W,3.666,Pol II,
tD(GUC)L2,6.589,Pol III,
YGR078C,7.723,Pol II,
tG(GCC)E,7.288,Pol III,
tM(CAU)E,13.226,Pol III,
tD(GUC)G2,7.316,Pol III,
tL(UAA)D,9.145,Pol III,
YGL030W,3.127,Pol II,
tP(UGG)A,8.427,Pol III,
YMR311C,1.967,Pol II,
tD(GUC)L1,13.876,Pol III,
YHR162W,2.275,Pol II,
tA(AGC)K2,10.395,Pol III,
tN(GUU)F,14.437,Pol III,
YOR269W,4.393,Pol II,
snR14,1.5,Pol II,
YHR141C,2.387,Pol II,
YER098W,19.87,Pol II,
tG(GCC)P1,3.617,Pol III,
tE(UUC)C,11.16,Pol III,
tI(UAU)L,7.597,Pol III,
YKL156W,2.318,Pol II,
YBL027W,2.387,Pol II,
snR6,8.883,Pol II,
tT(AGU)B,5.141,Pol III,
tR(ACG)J,7.659,Pol III,
tP(UGG)F,12.379,Pol III,
tV(AAC)K2,7.408,Pol III,
YPL230W,2.542,Pol II,
YMR121C,5.194,Pol II,
tV(AAC)G1,12.065,Pol III,
YOR099W,3.291,Pol II,
YPR108W-A,3.746,Pol II,
YDL097C,1.675,Pol II,
tS(UGA)P,9.078,Pol III,
tT(AGU)O2,13.267,Pol III,
tM(CAU)J3,18.382,Pol III,
tM(CAU)M,11.699,Pol III,
tG(UCC)O,5.933,Pol III,
tD(GUC)I2,13.018,Pol III,
tI(AAU)B,8.998,Pol III,
YOR151C,10.843,Pol II,
tK(CUU)G3,13.318,Pol III,
tT(AGU)J,17.211,Pol III,
YMR146C,3.197,Pol II,
tV(AAC)G3,13.299,Pol III,
YPR163C,2.779,Pol II,
tR(UCU)G1,5.65,Pol III,
YIL077C,2.024,Pol II,
tE(UUC)I,5.653,Pol III,
tK(CUU)F,15.507,Pol III,
YGR147C,2.664,Pol II,
YDL075W,3.484,Pol II,
YKL175W,2.515,Pol II,
YJL172W,2.081,Pol II,
tE(UUC)E1,3.357,Pol III,
tS(CGA)C,10.514,Pol III,
tP(UGG)M,5.77,Pol III,
YML088W,14.304,Pol II,
YNL186W,1.505,Pol II,
YPL129W,2.329,Pol II,
tL(CAA)N,8.237,Pol III,
YLR192C,3.8,Pol II,
YPL089C,1.916,Pol II,
YGR056W,20.655,Pol II,
tA(UGC)L,14.065,Pol III,
tR(UCU)J2,12.017,Pol III,
YPL013C,2.953,Pol II,
tI(UAU)D,4.191,Pol III,
YIL030C,13.816,Pol II,
tT(AGU)C,4.683,Pol III,
tS(AGA)D2,6.643,Pol III,
YGR198W,2.076,Pol II,
YGR155W,1.764,Pol II,
tR(UCU)B,13.237,Pol III,
YHR077C,3.195,Pol II,
YLR454W,6.488,Pol II,
YMR251W-A,2.104,Pol II,
YMR070W,2.132,Pol II,
YFR039C,5.336,Pol II,
YML009C,2.156,Pol II,
YDL130W,1.644,Pol II,
tR(UCU)M2,6.07,Pol III,
YMR013C,5.289,Pol II,
snR66,19.729,Pol II,
tD(GUC)K,29.905,Pol III,
YMR015C,1.699,Pol II,
YGL125W,3.433,Pol II,
tE(UUC)G2,8.452,Pol III,
YLL027W,1.896,Pol II,
tW(CCA)K,5.816,Pol III,
tS(AGA)E,4.541,Pol III,
YBL002W,3.062,Pol II,
tL(CAA)G1,5.952,Pol III,
YML055W,12.038,Pol II,
tK(UUU)K,16.101,Pol III,
YFR040W,3.424,Pol II,
YKL081W,4.223,Pol II,
YLR354C,1.975,Pol II,
tF(GAA)P1,3.753,Pol III,
tE(UUC)M,10.941,Pol III,
tS(AGA)J,12.797,Pol III,
YDR387C,1.335,Pol II,
YOR239W,1.689,Pol II,
YDR418W,1.737,Pol II,
YLR270W,1.621,Pol II,
tH(GUG)H,11.796,Pol III,
tI(AAU)L2,14.674,Pol III,
YDR350C,2.152,Pol II,
YMR238W,4.112,Pol II,
tA(UGC)O,8.238,Pol III,
YPL204W,1.791,Pol II,
tG(CCC)O,5.932,Pol III,
YER074W,2.761,Pol II,
YJR103W,1.383,Pol II,
YEL061C,1.864,Pol II,
YOL123W,1.937,Pol II,
tT(AGU)H,11.708,Pol III,
tA(UGC)E,6.087,Pol III,
YOR101W,6.938,Pol II,
YGL076C,2.231,Pol II,
YLL026W,1.478,Pol II,
YBR230C,1.385,Pol II,
tY(GUA)J2,5.9,Pol III,
YDL229W,2.853,Pol II,
YGR074W,2.71,Pol II,
YDL061C,2.928,Pol II,
YOR145C,1.688,Pol II,
tM(CAU)D,19.185,Pol III,
tR(CCG)L,11.556,Pol III,
tS(GCU)O,5.949,Pol III,
YDR245W,2.942,Pol II,
tE(UUC)E3,18.284,Pol III,
YPL213W,2.35,Pol II,
YBL092W,2.133,Pol II,
YOR042W,1.825,Pol II,
YEL050C,1.858,Pol II,
YDL033C,5.812,Pol II,
YBL093C,14.06,Pol II,
YML106W,1.414,Pol II,
tG(GCC)D2,11.568,Pol III,
YOR312C,1.74,Pol II,
YCL010C,3.011,Pol II,
YLR173W,3.703,Pol II,
tA(AGC)G,3.694,Pol III,
YML129C,2.162,Pol II,
YGR148C,2.713,Pol II,
YBR023C,9.101,Pol II,
tS(AGA)L,6.023,Pol III,
YGL252C,1.534,Pol II,
YNL024C,2.779,Pol II,
snR39B,2.916,Pol II,
YDR073W,2.347,Pol II,
YMR022W,3.804,Pol II,
YPL183W-A,2.026,Pol II,
YOR096W,2.33,Pol II,
tI(AAU)I1,14.085,Pol III,
YBR011C,4.222,Pol II,
YNL177C,11.035,Pol II,
YML073C,6.082,Pol II,
YAL044C,5.441,Pol II,
snR45,2.072,Pol II,
YCL017C,1.749,Pol II,
YER077C,7.765,Pol II,
YPR052C,2.4,Pol II,
YPL233W,3.916,Pol II,
tL(GAG)G,10.09,Pol III,
YCL052C,1.672,Pol II,
YGR034W,17.122,Pol II,
YNL085W,2.131,Pol II,
YEL055C,4.244,Pol II,
tL(CAA)L,7.539,Pol III,
YOR244W,4.698,Pol II,
YDL159W-A,1.556,Pol II,
YOR234C,2.427,Pol II,
snR37,2.46,Pol II,
YOR293W,3.388,Pol II,
tK(CUU)P,16.789,Pol III,
YMR185W,10.369,Pol II,
YGR122W,3.283,Pol II,
YPR041W,7.603,Pol II,
YAL053W,3.277,Pol II,
YHR090C,3.443,Pol II,
tL(UAA)B2,5.585,Pol III,
YDR434W,6.281,Pol II,
YGR121C,2.215,Pol II,
YNL084C,1.971,Pol II,
YLR432W,2.45,Pol II,
YCR026C,4.94,Pol II,
tA(AGC)L,10.898,Pol III,
tS(AGA)G,3.92,Pol III,
snR17a,1.687,Pol II,
tR(UCU)D,5.589,Pol III,
tT(UGU)G2,1.895,Pol III,
YDR292C,5.947,Pol II,
YOR097C,1.532,Pol II,
YBL003C,2.658,Pol II,
YCR063W,5.869,Pol II,
tP(UGG)O3,19.015,Pol III,
YOL012C,2.495,Pol II,
YOR067C,2.603,Pol II,
YEL026W,2.49,Pol II,
YDR025W,7.001,Pol II,
YHR019C,3.857,Pol II,
tE(UUC)G3,16.947,Pol III,
YJL178C,4.007,Pol II,
YDR500C,2.718,Pol II,
YOR196C,8.044,Pol II,
YKL145W,1.608,Pol II,
YIL109C,2.801,Pol II,
YPL131W,2.207,Pol II,
tL(CAA)C,10.241,Pol III,
tV(CAC)D,9.262,Pol III,
YOR327C,2.409,Pol II,
YNL078W,5.189,Pol II,
YLR301W,4.634,Pol II,
YPL198W,1.617,Pol II,
YER056C-A,4.105,Pol II,
YIL130W,3.036,Pol II,
tF(GAA)G,5.537,Pol III,
YKL149C,2.623,Pol II,
YDR477W,1.809,Pol II,
YDR362C,3.036,Pol II,
YHR163W,3.575,Pol II,
YCL036W,4.068,Pol II,
tL(CAA)G2,12.583,Pol III,
YHR072W-A,2.295,Pol II,
tT(AGU)D,5.357,Pol III,
YNR043W,5.248,Pol II,
YNL025C,4.465,Pol II,
YIL090W,6.574,Pol II,
YLR056W,2.088,Pol II,
YDL120W,1.885,Pol II,
YOR014W,2.267,Pol II,
YEL034W,2.423,Pol II,
YDR346C,2.676,Pol II,
YOR220W,2.607,Pol II,
YDL015C,7.523,Pol II,
YMR123W,4.469,Pol II,
tL(CAA)K,5.633,Pol III,
tY(GUA)O,5.316,Pol III,
snR84,5.837,Pol II,
YBR049C,6.092,Pol II,
YNL052W,1.51,Pol II,
YIL075C,1.723,Pol II,
YBR015C,2.976,Pol II,
YGL056C,5.759,Pol II,
tG(UCC)N,5.654,Pol III,
YGR037C,2.313,Pol II,
YGR033C,2.418,Pol II,
YBL086C,2.533,Pol II,
YDL136W,3.128,Pol II,
YNL268W,2.681,Pol II,
YIR014W,2.799,Pol II,
YMR194W,3.954,Pol II,
YDL014W,3.564,Pol II,
YGL031C,4.142,Pol II,
YLR351C,2.74,Pol II,
YHR207C,7.439,Pol II,
YLR326W,10.819,Pol II,
YPR106W,3.419,Pol II,
YPL097W,1.357,Pol II,
YBL038W,4.067,Pol II,
YMR001C-A,4.937,Pol II,
YJL026W,2.166,Pol II,
YHR120W,1.596,Pol II,
YDR236C,2.605,Pol II,
YNR052C,3.534,Pol II,
YJL149W,1.869,Pol II,
YDR463W,1.493,Pol II,
YKL024C,5.709,Pol II,
YBL072C,2.699,Pol II,
tH(GUG)E1,3.522,Pol III,
YML027W,3.816,Pol II,
YFL038C,1.531,Pol II,
YPL090C,2.734,Pol II,
snR83,3.811,Pol II,
YPR082C,3.36,Pol II,
YER049W,13.759,Pol II,
YBL028C,8.007,Pol II,
YOR262W,1.801,Pol II,
YBR068C,1.646,Pol II,
YOR191W,9.47,Pol II,
YLR431C,4.795,Pol II,
TLC1,2.305,Pol II,
YLR130C,2.895,Pol II,
YBR060C,2.246,Pol II,
YGL120C,12.773,Pol II,
YML126C,2.33,Pol II,
tG(GCC)P2,5.98,Pol III,
YOL013C,3.687,Pol II,
YDR174W,1.989,Pol II,
YCR012W,1.683,Pol II,
tS(AGA)M,12.156,Pol III,
YPL199C,8.463,Pol II,
YJL133W,5.874,Pol II,
YDL183C,1.94,Pol II,
snR50,5.711,Pol II,
YPL220W,2.428,Pol II,
YBL056W,1.647,Pol II,
YMR050C,3.208,Pol II,
YKL155C,1.792,Pol II,
YDR037W,2.151,Pol II,
YIL134W,3.32,Pol II,
YDR449C,12.385,Pol II,
YPR025C,4.414,Pol II,
YMR241W,3.363,Pol II,
YER072W,2.218,Pol II,
YGL150C,1.522,Pol II,
YER145C,4.017,Pol II,
YKL082C,2.035,Pol II,
tL(UAA)L,2.792,Pol III,
YGR284C,1.712,Pol II,
tW(CCA)G2,3.346,Pol III,
YPR133W-A,1.589,Pol II,
tR(UCU)E,10.81,Pol III,
YGR254W,1.847,Pol II,
YDR308C,6.026,Pol II,
YKL058W,3.154,Pol II,
YDL065C,2.604,Pol II,
YPL067C,3.723,Pol II,
YPR045C,4.087,Pol II,
YMR295C,2.705,Pol II,
YPR137W,3.457,Pol II,
YKR018C,7.684,Pol II,
YOR310C,1.771,Pol II,
YPL168W,1.709,Pol II,
YDR364C,5.076,Pol II,
YFL005W,1.504,Pol II,
YMR002W,2.352,Pol II,
YMR090W,2.01,Pol II,
YFL033C,1.719,Pol II,
YHR007C-A,1.951,Pol II,
YGR159C,5.436,Pol II,
YGL063W,5.706,Pol II,
tD(GUC)G1,4.07,Pol III,
YBL071C-B,3.472,Pol II,
YJL109C,12.153,Pol II,
tK(UUU)O,3.667,Pol III,
YMR102C,2.431,Pol II,
YGR038W,5.324,Pol II,
YDR347W,2.666,Pol II,
snR52,3.987,Pol III,
YJR045C,2.458,Pol II,
YFR031C-A,1.519,Pol II,
YBR037C,3.212,Pol II,
YPL030W,3.278,Pol II,
YGL224C,3.674,Pol II,
YKL179C,4.979,Pol II,
YOL013W-A,12.156,Pol II,
YLR333C,4.805,Pol II,
YNL081C,1.89,Pol II,
YML062C,9.371,Pol II,
YOL122C,1.616,Pol II,
YER051W,3.651,Pol II,
YFR032C-B,13.139,Pol II,
YNL102W,2.277,Pol II,
YNR006W,3.985,Pol II,
YOR126C,5.438,Pol II,
YLR295C,3.133,Pol II,
YDR165W,2.157,Pol II,
YBR031W,1.732,Pol II,
tF(GAA)F,12.343,Pol III,
YGR105W,2.869,Pol II,
YBL033C,1.877,Pol II,
YJL148W,2.643,Pol II,
YPR055W,1.727,Pol II,
YHR088W,3.912,Pol II,
YGR125W,4.688,Pol II,
snR47,3.848,Pol II,
YGL234W,2.113,Pol II,
YPR113W,3.023,Pol II,
YFL022C,2.888,Pol II,
YHR209W,3.296,Pol II,
YGR268C,3.781,Pol II,
YDL208W,3.495,Pol II,
YKL010C,2.459,Pol II,
YHR026W,3.41,Pol II,
YGL009C,4.224,Pol II,
YJL080C,3.275,Pol II,
YLR303W,9.734,Pol II,
YLL006W,2.855,Pol II,
YPL125W,3.601,Pol II,
YNL251C,3.103,Pol II,
YGL187C,1.957,Pol II,
YBR111C,1.758,Pol II,
YGR158C,8.361,Pol II,
YOR132W,6.265,Pol II,
tG(GCC)J2,18.635,Pol III,
YML017W,1.665,Pol II,
YER031C,2.263,Pol II,
YOR090C,3.202,Pol II,
YER073W,2.263,Pol II,
YOL010W,5.962,Pol II,
YOR375C,4.918,Pol II,
YOR091W,2.282,Pol II,
YDR300C,3.758,Pol II,
YOL109W,2.279,Pol II,
YLR201C,2.062,Pol II,
YOR062C,10.025,Pol II,
YPL215W,2.691,Pol II,
YPL084W,5.352,Pol II,
YMR221C,12.987,Pol II,
YPL143W,5.647,Pol II,
YOL011W,1.826,Pol II,
YDR469W,6.095,Pol II,
YDR408C,1.505,Pol II,
YDL131W,2.111,Pol II,
YGR024C,2.873,Pol II,
YLR448W,3.37,Pol II,
snR53,16.99,Pol II,
YNL067W-B,4.191,Pol II,
snR49,2.434,Pol II,
YDL188C,3.043,Pol II,
YGL242C,2.262,Pol II,
YBR238C,18.509,Pol II,
snR57,2.401,Pol II,
YDR243C,1.74,Pol II,
YKL172W,3.045,Pol II,
YKL087C,5.414,Pol II,
YML058W,2.136,Pol II,
tT(CGU)K,10.111,Pol III,
YIL125W,1.955,Pol II,
YFL018C,2.209,Pol II,
YPR023C,2.301,Pol II,
tR(ACG)D,9.798,Pol III,
YGR030C,5.048,Pol II,
YOR205C,1.75,Pol II,
YKL054C,3.564,Pol II,
YBR130C,11.066,Pol II,
YBL036C,2.698,Pol II,
tG(GCC)G2,5.976,Pol III,
YPL249C,1.651,Pol II,
YJR123W,2.991,Pol II,
YNL208W,2.284,Pol II,
YDR244W,1.588,Pol II,
YDR497C,1.92,Pol II,
YNL255C,2.03,Pol II,
YNR002C,6.243,Pol II,
YPR145W,1.87,Pol II,
YMR182W-A,4.128,Pol II,
YLR061W,3.493,Pol II,
YOR184W,1.913,Pol II,
YBR242W,5.007,Pol II,
YIL116W,8.649,Pol II,
YDR234W,1.711,Pol II,
YPR098C,1.836,Pol II,
YLL045C,1.845,Pol II,
YOL111C,3.602,Pol II,
YPL271W,1.669,Pol II,
YDL088C,2.651,Pol II,
YBR191W,2.255,Pol II,
YDR441C,4.697,Pol II,
tV(UAC)B,6.277,Pol III,
YER091C,3.906,Pol II,
YDR226W,3.211,Pol II,
YNL123W,2.829,Pol II,
YNL232W,5.368,Pol II,
YLR293C,3.194,Pol II,
YOR195W,3.268,Pol II,
YDR448W,2.621,Pol II,
YOR160W,2.342,Pol II,
YFR010W,1.443,Pol II,
YAL038W,1.694,Pol II,
YOR246C,5.18,Pol II,
YOL030W,2.568,Pol II,
YJL136C,2.133,Pol II,
YLR345W,2.947,Pol II,
YJR006W,2.936,Pol II,
YMR161W,2.447,Pol II,
YCR036W,6.104,Pol II,
YJL180C,11.664,Pol II,
YGR173W,2.764,Pol II,
YIL142W,1.689,Pol II,
YNL189W,5.01,Pol II,
YOL044W,14.417,Pol II,
YOL139C,1.47,Pol II,
YGL022W,5.832,Pol II,
YFL028C,7.225,Pol II,
YDL205C,3.26,Pol II,
YPR198W,5.554,Pol II,
YGL093W,2.656,Pol II,
tG(GCC)M,14.283,Pol III,
YER147C,8.577,Pol II,
YER074W-A,1.857,Pol II,
YDL045W-A,1.693,Pol II,
YOL086C,2.921,Pol II,
YFL008W,3.1,Pol II,
YLR372W,1.546,Pol II,
YOR332W,2.271,Pol II,
YNR021W,2.794,Pol II,
YMR226C,3.728,Pol II,
YER093C,1.577,Pol II,
tM(CAU)J2,5.164,Pol III,
YLR337C,6.086,Pol II,
YJL210W,1.568,Pol II,
YLL050C,3.494,Pol II,
YJL158C,1.477,Pol II,
YNL097C,53.27,Pol II,
YER163C,4.501,Pol II,
tL(UAA)K,15.956,Pol III,
YNL168C,2.368,Pol II,
tP(UGG)H,4.274,Pol III,
YGR185C,3.905,Pol II,
tV(CAC)H,2.826,Pol III,
YNL044W,3.899,Pol II,
YML012W,2.366,Pol II,
snR63,10.189,Pol II,
YLR051C,5.459,Pol II,
YLR074C,4.696,Pol II,
YNR050C,15.514,Pol II,
YCL037C,5.291,Pol II,
YKL198C,2.454,Pol II,
YER120W,2.516,Pol II,
YNL250W,5.762,Pol II,
YGL105W,6.672,Pol II,
YKL213C,3.191,Pol II,
YPL164C,4.695,Pol II,
YDR316W,4.469,Pol II,
YGR084C,5.37,Pol II,
YGR222W,1.839,Pol II,
tK(UUU)D,3.585,Pol III,
YGL048C,1.853,Pol II,
YMR187C,2.227,Pol II,
YDL185W,1.937,Pol II,
YFR051C,4.265,Pol II,
YLR008C,4.421,Pol II,
YMR104C,1.599,Pol II,
YDR239C,8.149,Pol II,
YNR012W,3.793,Pol II,
YDR143C,1.628,Pol II,
YER032W,8.174,Pol II,
YLR020C,3.13,Pol II,
YNL244C,3.127,Pol II,
YMR266W,2.569,Pol II,
tR(UCU)M1,6.177,Pol III,
tG(UCC)G,3.834,Pol III,
YGL084C,1.908,Pol II,
YDR392W,5.262,Pol II,
YNL137C,4.755,Pol II,
YMR054W,2.476,Pol II,
YNL036W,1.917,Pol II,
YLR250W,5.98,Pol II,
YLR185W,2.486,Pol II,
YDR524C,5.744,Pol II,
YBR172C,5.847,Pol II,
YDL175C,3.73,Pol II,
YDR422C,2.794,Pol II,
YLR408C,2.838,Pol II,
YMR125W,2.746,Pol II,
tX(XXX)D,4.197,Pol III,
YIL027C,1.759,Pol II,
YCR035C,2.802,Pol II,
YGR112W,2.947,Pol II,
YLR370C,2.225,Pol II,
YOR155C,2.724,Pol II,
YHR052W,1.775,Pol II,
YMR188C,4.357,Pol II,
YDL051W,1.639,Pol II,
YCR065W,4.815,Pol II,
YOR336W,5.782,Pol II,
YGR267C,2.998,Pol II,
tK(UUU)G2,5.786,Pol III,
YDR027C,6.005,Pol II,
YBR179C,3.644,Pol II,
YOL127W,2.971,Pol II,
YBR249C,1.412,Pol II,
YOR197W,2.971,Pol II,
YDR120C,5.088,Pol II,
YBL005W,3.324,Pol II,
YNL029C,1.484,Pol II,
YNL288W,3.273,Pol II,
YLR355C,3.177,Pol II,
YGR082W,3.927,Pol II,
YKL005C,2.724,Pol II,
YBL024W,1.6,Pol II,
YNL098C,1.843,Pol II,
YOL115W,3.696,Pol II,
YOL107W,3.725,Pol II,
YLR009W,2.949,Pol II,
YHR056C,3.892,Pol II,
YIL146C,4.501,Pol II,
YOR133W,1.805,Pol II,
YGR055W,2.245,Pol II,
YGL135W,15.645,Pol II,
YDR097C,3.618,Pol II,
YML015C,10.754,Pol II,
YMR204C,2.516,Pol II,
YDR181C,1.818,Pol II,
YPR046W,2.997,Pol II,
YGL025C,7.362,Pol II,
YML007W,1.393,Pol II,
YDR018C,2.211,Pol II,
YBL014C,2.98,Pol II,
snR79,1.428,Pol II,
YLR332W,4.552,Pol II,
YDL082W,1.774,Pol II,
YGR126W,3.818,Pol II,
YGR264C,6.933,Pol II,
YJL117W,3.085,Pol II,
YHR041C,3.761,Pol II,
YER176W,2.099,Pol II,
YDL043C,5.474,Pol II,
YDR439W,4.125,Pol II,
tT(AGU)I1,15.329,Pol III,
YJR076C,5.18,Pol II,
YLR060W,6.404,Pol II,
YCL030C,2.009,Pol II,
YPL064C,6.457,Pol II,
YNL216W,1.495,Pol II,
YDL141W,3.32,Pol II,
YDL143W,3.586,Pol II,
YOL152W,2.653,Pol II,
YER057C,2.654,Pol II,
YGL200C,10.347,Pol II,
YOR236W,12.468,Pol II,
YPL229W,2.168,Pol II,
YDR498C,1.396,Pol II,
YKL210W,2.466,Pol II,
YPL031C,1.566,Pol II,
YJL008C,6.778,Pol II,
YLR321C,6.015,Pol II,
YLR027C,4.54,Pol II,
YIL099W,2.88,Pol II,
YAR015W,3.156,Pol II,
YER026C,3.469,Pol II,
YGL023C,3.621,Pol II,
tS(AGA)D3,1.728,Pol III,
YMR259C,10.237,Pol II,
YLR175W,11.291,Pol II,
YPL225W,3.328,Pol II,
YLR093C,2.859,Pol II,
YOR073W,13.96,Pol II,
YDL110C,2.317,Pol II,
YAL008W,2.072,Pol II,
YCR030C,3.231,Pol II,
YER013W,9.061,Pol II,
YCL038C,3.417,Pol II,
YEL019C,6.269,Pol II,
YDR395W,8.187,Pol II,
YLR132C,4.481,Pol II,
YLR398C,5.342,Pol II,
YIL070C,15.433,Pol II,
YAL043C,5.893,Pol II,
YDR017C,2.155,Pol II,
YHR193C,2.811,Pol II,
tA(AGC)M2,10.918,Pol III,
YDR044W,2.545,Pol II,
YHR168W,2.465,Pol II,
YJR077C,2.004,Pol II,
YDL202W,3.182,Pol II,
YJR133W,2.42,Pol II,
YCL032W,1.656,Pol II,
YBR285W,2.282,Pol II,
YDR313C,4.055,Pol II,
YOR206W,2.429,Pol II,
YDL189W,10.507,Pol II,
YLR247C,1.574,Pol II,
YMR261C,1.575,Pol II,
tK(CUU)C,8.466,Pol III,
YBR188C,5.804,Pol II,
YMR131C,3.68,Pol II,
YDR180W,3.777,Pol II,
YDR060W,5.418,Pol II,
YNL241C,2.073,Pol II,
YMR297W,2.24,Pol II,
snR43,6.048,Pol II,
YLR286C,7.846,Pol II,
tS(AGA)D1,11.047,Pol III,
YJL138C,3.772,Pol II,
YMR292W,3.034,Pol II,
YKL096W-A,1.559,Pol II,
YDR086C,2.052,Pol II,
YNL154C,3.081,Pol II,
YDR172W,2.618,Pol II,
YPR171W,3.752,Pol II,
YLR078C,3.182,Pol II,
YIR015W,3.734,Pol II,
YPL146C,6.674,Pol II,
YLR043C,6.41,Pol II,
YHR072W,16.094,Pol II,
YHR061C,4.075,Pol II,
YIR003W,6.83,Pol II,
YOL145C,7.337,Pol II,
YGR108W,5.17,Pol II,
tC(GCA)P1,6.131,Pol III,
tD(GUC)O,7.236,Pol III,
YLL006W-A,4.066,Pol II,
YPR125W,5.677,Pol II,
YPL009C,1.697,Pol II,
YOR276W,2.34,Pol II,
YEL031W,5.079,Pol II,
YGL198W,14.09,Pol II,
YMR237W,2.324,Pol II,
YER006W,3.429,Pol II,
YLR096W,3.41,Pol II,
YJR054W,1.907,Pol II,
YKL006W,17.481,Pol II,
YMR091C,2.329,Pol II,
tA(AGC)D,4.365,Pol III,
YJR049C,7.098,Pol II,
YMR092C,1.847,Pol II,
YPR174C,4.56,Pol II,
YDR056C,2.026,Pol II,
YOR360C,2.4,Pol II,
YHL026C,3.949,Pol II,
snR58,4.178,Pol II,
YOR216C,2.816,Pol II,
YLR165C,1.741,Pol II,
YDR264C,2.2,Pol II,
YLR387C,1.49,Pol II,
YHR115C,2.073,Pol II,
YLR380W,4.516,Pol II,
YHR065C,8.705,Pol II,
YBR262C,2.836,Pol II,
YDL173W,2.205,Pol II,
YOL070C,5.581,Pol II,
YBR092C,2.485,Pol II,
YDR510W,2.378,Pol II,
YHL014C,8.649,Pol II,
YGR009C,2.962,Pol II,
YDR016C,1.414,Pol II,
YEL071W,1.478,Pol II,
YOR143C,5.816,Pol II,
tK(UUU)G1,3.979,Pol III,
YGL043W,11.861,Pol II,
YLR386W,3.018,Pol II,
YGL020C,9.299,Pol II,
YMR048W,6.337,Pol II,
YNL091W,6.266,Pol II,
YKR057W,2.834,Pol II,
YPR062W,3.322,Pol II,
YBL037W,2.311,Pol II,
YBR035C,2.065,Pol II,
YLR314C,1.639,Pol II,
YBL071W-A,16.453,Pol II,
YER133W,12.849,Pol II,
YIL046W,8.757,Pol II,
YPL045W,10.739,Pol II,
YER037W,2.667,Pol II,
YHR113W,1.946,Pol II,
YDL133W,2.791,Pol II,
YOR108W,3.955,Pol II,
YDR501W,4.28,Pol II,
YBL047C,2.258,Pol II,
YDR233C,1.725,Pol II,
YGL117W,3.855,Pol II,
YPR133C,1.838,Pol II,
YLR350W,1.572,Pol II,
YPL161C,1.451,Pol II,
YPL273W,2.571,Pol II,
YBL026W,15.591,Pol II,
YPR140W,2.688,Pol II,
YOR094W,4.367,Pol II,
YHR089C,9.111,Pol II,
YBR143C,1.435,Pol II,
YMR281W,4.846,Pol II,
YNL277W,3.71,Pol II,
YHL001W,1.77,Pol II,
YLL049W,1.653,Pol II,
YBL061C,2.926,Pol II,
YIL128W,1.522,Pol II,
tA(UGC)G,6.457,Pol III,
YEL043W,1.374,Pol II,
YKR013W,2.156,Pol II,
YKL190W,5.733,Pol II,
YGR279C,1.748,Pol II,
YML057W,1.995,Pol II,
YJL176C,2.998,Pol II,
YMR230W,1.98,Pol II,
YPL211W,2.971,Pol II,
YMR158W,18.504,Pol II,
YLR224W,3.08,Pol II,
YBR089C-A,2.642,Pol II,
YHR143W,6.009,Pol II,
YPR017C,5.035,Pol II,
YBL091C-A,5.853,Pol II,
YFL031W,2.426,Pol II,
YOL103W,1.693,Pol II,
YEL047C,3.089,Pol II,
YDL235C,5.115,Pol II,
tK(CUU)M,11.343,Pol III,
YOR119C,2.016,Pol II,
YLR405W,13.316,Pol II,
YPL203W,5.068,Pol II,
YER151C,7.166,Pol II,
YLR203C,4.086,Pol II,
YLR418C,2.109,Pol II,
YER130C,2.429,Pol II,
YBR017C,7.872,Pol II,
YPL054W,3.252,Pol II,
YNL307C,1.774,Pol II,
YGL148W,2.611,Pol II,
YDR129C,2.708,Pol II,
YJL173C,12.389,Pol II,
YOL071W,1.976,Pol II,
YFR006W,2.349,Pol II,
YHL038C,2.438,Pol II,
YLR197W,9.286,Pol II,
YMR108W,2.869,Pol II,
YLL010C,14.338,Pol II,
YDL148C,1.546,Pol II,
YNR036C,2.016,Pol II,
YML113W,2.806,Pol II,
YOR373W,2.369,Pol II,
YER054C,2.451,Pol II,
YDR212W,3.29,Pol II,
YLL033W,2.153,Pol II,
YMR150C,4.137,Pol II,
YCR015C,5.608,Pol II,
YCR075W-A,5.766,Pol II,
YNR027W,4.287,Pol II,
YBR115C,3.106,Pol II,
YIL040W,6.013,Pol II,
YDL160C,1.494,Pol II,
YKL035W,1.465,Pol II,
YOR321W,2.324,Pol II,
YBR138C,1.409,Pol II,
YDR503C,5.455,Pol II,
YNL112W,4.417,Pol II,
YNL206C,1.515,Pol II,
YGL016W,2.869,Pol II,
YPR035W,3.134,Pol II,
YGR266W,3.369,Pol II,
YDL081C,4.611,Pol II,
tE(UUC)K,6.969,Pol III,
YNR047W,3.771,Pol II,
YDR321W,1.364,Pol II,
YGR270W,3.086,Pol II,
YDR462W,2.452,Pol II,
YOR280C,3.479,Pol II,
YHR013C,20.049,Pol II,
tA(UGC)A,4.304,Pol III,
YHR049W,3.114,Pol II,
tR(UCU)K,6.271,Pol III,
YDL028C,2.543,Pol II,
YHR073W,3.268,Pol II,
YAL049C,3.312,Pol II,
YOR281C,1.722,Pol II,
YOR095C,4.377,Pol II,
YMR231W,6.003,Pol II,
YLR409C,9.086,Pol II,
tR(ACG)O,9.077,Pol III,
YGR208W,1.941,Pol II,
YGR103W,2.912,Pol II,
YOL017W,2.421,Pol II,
YGR152C,5.508,Pol II,
YJL131C,3.25,Pol II,
YGR191W,4.845,Pol II,
YDL170W,3.387,Pol II,
YER086W,1.44,Pol II,
YDR297W,1.548,Pol II,
YJL063C,4.69,Pol II,
YDR421W,5.531,Pol II,
YML075C,2.961,Pol II,
YGR063C,4.179,Pol II,
YOR247W,15.221,Pol II,
YMR192W,10.252,Pol II,
YOR033C,6.167,Pol II,
YMR287C,1.905,Pol II,
YER112W,4.867,Pol II,
YOR059C,3.017,Pol II,
YLR194C,3.862,Pol II,
YNL148C,2.151,Pol II,
YJR033C,1.637,Pol II,
YKR100C,4.67,Pol II,
YIL093C,16.188,Pol II,
YLR073C,4.775,Pol II,
YFR018C,8.147,Pol II,
YPR011C,2.218,Pol II,
YDR496C,2.671,Pol II,
YHL039W,4.181,Pol II,
YJR116W,2.451,Pol II,
YJR044C,13.52,Pol II,
YDR528W,1.824,Pol II,
YKR007W,4.013,Pol II,
tG(GCC)C,8.911,Pol III,
YNL218W,1.857,Pol II,
YMR201C,2.435,Pol II,
tV(AAC)M3,5.439,Pol III,
YNL293W,2.054,Pol II,
YGL029W,18.604,Pol II,
YIL120W,6.608,Pol II,
tL(UAG)L1,6.338,Pol III,
YKR084C,4.512,Pol II,
YJR013W,4.245,Pol II,
YDR039C,4.568,Pol II,
YPR158W,2.903,Pol II,
YDL106C,1.959,Pol II,
YJL103C,2.647,Pol II,
YLR225C,1.492,Pol II,
YLR064W,4.851,Pol II,
YJR015W,7.216,Pol II,
YPL128C,6.952,Pol II,
YIL087C,2.116,Pol II,
YFR037C,6.447,Pol II,
YHR137W,3.63,Pol II,
YFR055W,3.815,Pol II,
YJL033W,3.104,Pol II,
tK(CUU)G2,2.988,Pol III,
tV(UAC)D,3.45,Pol III,
YLL034C,5.243,Pol II,